LABEL,ID,TRACK_ID,QUALITY,POSITION_X,POSITION_Y,POSITION_Z,POSITION_T,FRAME,RADIUS,VISIBILITY,MANUAL_SPOT_COLOR,MEAN_INTENSITY_CH1,MEDIAN_INTENSITY_CH1,MIN_INTENSITY_CH1,MAX_INTENSITY_CH1,TOTAL_INTENSITY_CH1,STD_INTENSITY_CH1,CONTRAST_CH1,SNR_CH1
ID194586,194586,39,1.7491559982299805,1249.7231566691707,722.4937994,0,0,0,15,1,,14.839786381842456,12,0,51,11115,9.584048019,0.3721909205606505,0.8399624993096092
ID194490,194490,39,1.9299812316894531,1250.4856257661186,721.9616706285595,0,1,1,15,1,,16.173564753004005,13,0,53,12114,10.827983933878903,0.38861816423728307,0.836042583
ID194733,194733,39,1.6416406631469727,1248.322336936039,726.2010922566732,0,2,2,15,1,,15.269692923898532,12,0,50,11437,9.325194585099206,0.3440468274901576,0.8383117505255403
ID194680,194680,39,1.9928903579711914,1241.2273724214951,724.0923461163324,0,3,3,15,1,,16.08411214953271,13,0,56,12047,10.837626383782778,0.3409002008233741,0.7546120127246064
ID194537,194537,39,1.7814464569091797,1234.573141550131,722.8648606564221,0,4,4,15,1,,16.770360480640853,15,0,48,12561,9.326411665213179,0.3446655073872495,0.9218099062178299
ID194780,194780,39,1.7380084991455078,1232.7175148223553,721.0041970401114,0,5,5,15,1,,16.72630173564753,15,0,60,12528,9.583777225,0.3481573773776281,0.9014221434114099
ID194826,194826,39,1.8100547790527344,1228.084869460735,721.1892776142986,0,6,6,15,1,,17.70894526034713,14,0,52,13264,11.340061378487118,0.3354091252117896,0.7844546114222266
ID194632,194632,39,2.0742874145507812,1224.709374511813,720.8424936617411,0,7,7,15,1,,18.83444592790387,16,0,51,14107,11.28066061320884,0.3282235652840003,0.8251765704302065
ID195162,195162,39,2.0683021545410156,1221.4879204366555,712.6254393582611,0,8,8,15,1,,19.623497997329775,18,0,55,14698,10.22212045376037,0.34613515262541444,0.9872393757402074
ID194922,194922,39,2.274857521057129,1215.6635242557197,704.8250306865353,0,9,9,15,1,,18.71829105473965,17,0,62,14020,10.919586937873765,0.3677907452220116,0.9218730461320535
ID195211,195211,39,1.8718910217285156,1214.5800739132771,705.1611594204707,0,10,10,15,1,,16.68090787716956,14,0,58,12494,10.120578983474871,0.3319057492112785,0.8214584524730788
ID194874,194874,39,1.8550949096679688,1210.8355380301878,703.8056709004884,0,11,11,15,1,,14.664886515353805,12,0,54,10984,9.694731362807179,0.3304295429046157,0.751380487
ID195114,195114,39,1.5599632263183594,1208.5483028242013,702.2032569581903,0,12,12,15,1,,13.671562082777037,11,0,65,10240,8.518241222177386,0.31387164842222404,0.766826914
ID194971,194971,39,1.1809463500976562,1205.6046740587983,697.5484537312079,0,13,13,15,1,,12.229639519359145,10,0,43,9160,7.250899077819582,0.25974840663893406,0.6955380055451098
ID195066,195066,39,1.858694076538086,1205.7546627988656,695.8407942224765,0,14,14,15,1,,15.428571428571429,12,0,64,11556,10.28233966,0.3372053758357534,0.7567634373318491
ID195019,195019,39,1.9475440979003906,1206.8069478186126,696.3165186205301,0,15,15,15,1,,15.11214953271028,11,0,61,11319,10.783267107779402,0.3427398853835965,0.7154489199170248
ID195260,195260,39,1.6749143600463867,1208.7813014651429,692.6455950455571,0,16,16,15,1,,13.572763684913218,10,0,68,10166,10.979397598680439,0.3179452836322235,0.5964510089888139
ID195307,195307,39,1.990478516,1210.4830789816401,692.0210313390518,0,17,17,15,1,,15.485981308411215,12,0,90,11599,13.078286634281275,0.34482215433470337,0.6072229548058217
ID195400,195400,39,1.8081645965576172,1210.7100814078506,691.2216777368614,0,18,18,15,1,,15.164218958611482,11,0,101,11358,13.286678678470937,0.3297365091420582,0.5660242696439322
ID195447,195447,39,1.4722785949707031,1216.2769252849291,692.8944754464222,0,19,19,15,1,,13.332443257676903,11,0,92,9986,12.594680017548546,0.2697461897629936,0.44977053621503776
ID195353,195353,39,1.5799121856689453,1219.8027660801627,693.9628757360998,0,20,20,15,1,,14.24566088,11,0,90,10670,12.290642412267772,0.2990470288615721,0.5336452301964363
ID195585,195585,39,1.4773492813110352,1223.0274785868507,692.9490185995659,0,21,21,15,1,,13.95460614152203,12,0,90,10452,11.809113256046501,0.28578508901631017,0.5252928285688352
ID195539,195539,39,1.5861568450927734,1226.952297953426,694.9014288,0,22,22,15,1,,15.181575433911883,13,0,88,11371,11.70363224281751,0.3004891741354131,0.5994435058661629
ID195493,195493,39,1.4336156845092773,1229.0221023430738,696.6195414,0,23,23,15,1,,14.388518024032043,12,0,82,10777,11.11509676113381,0.29346251082811275,0.5873968270178687
ID195680,195680,39,1.6539649963378906,1234.1297920152626,697.0028665,0,24,24,15,1,,14.839786381842456,13,0,85,11115,11.61427611088933,0.336547431,0.6434686651260062
ID195633,195633,39,1.6511974334716797,1237.0592866980214,697.7884602087436,0,25,25,15,1,,14.267022696929239,12,0,82,10686,11.813195935451898,0.31853865050969055,0.5835327180687432
ID195775,195775,39,1.8847770690917969,1239.053481,698.4219144807438,0,26,26,15,1,,15.081441922563418,12,0,92,11296,12.20677641441215,0.3346899430007499,0.6196324396427798
ID195728,195728,39,2.025843620300293,1240.8636564952908,701.2052167837275,0,27,27,15,1,,16.229639519359147,13,0,88,12156,12.460445546292718,0.3496784021477607,0.6749068071535544
ID195917,195917,39,1.9357290267944336,1241.781801884366,703.1140995183963,0,28,28,15,1,,15.469959946595461,12,0,81,11587,11.503346066267795,0.36902543041240304,0.72500296
ID195965,195965,39,2.1882495880126953,1242.655560844417,704.8167609756672,0,29,29,15,1,,16.595460614152202,13,0,83,12430,12.65705741320155,0.36908237411580197,0.7069363003830791
ID195870,195870,39,2.152224540710449,1241.2430015865268,706.9434508257481,0,30,30,15,1,,16.879839786381844,14,0,79,12643,12.709379330594775,0.37828754365682665,0.7290481018995061
ID195822,195822,39,1.3411741256713867,1239.404960801883,708.7368064,0,31,31,15,1,,13.882510013351135,13,0,61,10398,9.074532506717613,0.2710137865124555,0.6524013530940386
ID196011,196011,39,1.2419929504394531,1238.7527425906856,713.3377088439197,0,32,32,15,1,,14.096128170894525,13,0,52,10558,7.846886944611735,0.26228463541420416,0.7465312542492045
ID196057,196057,39,1.6256322860717773,1234.6403950416463,717.4317450370725,0,33,33,15,1,,16.172229639519358,16,0,49,12113,7.909479722921233,0.3347452156824924,1.0255763183205766
ID196103,196103,39,1.5464506149291992,1232.504751886168,715.8715205976439,0,34,34,15,1,,14.655540720961282,13,0,50,10977,8.872170747798176,0.32158564994857586,0.803902349
ID196150,196150,39,1.8412609100341797,1230.1448683376993,717.6833201252838,0,35,35,15,1,,16.02803738317757,14,0,55,12005,9.566011245183956,0.34085844081583044,0.8518646137060812
ID196288,196288,39,2.0331268310546875,1230.8297224694475,715.655988,0,36,36,15,1,,17.20694259012016,16,0,63,12888,10.753492399905618,0.35773781044522335,0.8432048676255437
ID196197,196197,39,1.5069952011108398,1230.814084990159,721.1153912717103,0,37,37,15,1,,15.63150867823765,15,0,55,11708,7.824469399515117,0.29528286539645715,0.910855786
ID196242,196242,39,1.7580928802490234,1226.132999316497,726.9504994267434,0,38,38,15,1,,17.53004005340454,16,0,53,13130,8.786731466518352,0.2973838039557226,0.9146067249682908
ID196333,196333,39,1.775691032409668,1221.4289765529759,728.1345128904688,0,39,39,15,1,,18.17890520694259,18,0,52,13616,8.543536405250872,0.28393244601642315,0.9410937651491325
ID196378,196378,39,1.795577049255371,1219.4748847266328,719.9567588219098,0,40,40,15,1,,16.879839786381844,15,0,61,12643,9.221660271128812,0.32191440767461843,0.8915101165117129
ID196422,196422,39,1.5267553329467773,1213.372403626491,709.3974515761258,0,41,41,15,1,,14.401869158878505,12,0,57,10787,8.822221986532032,0.30858188006647513,0.7699107679110981
ID196513,196513,39,1.9274539947509766,1210.0354195320579,707.9221221573874,0,42,42,15,1,,14.732977303070761,12,0,52,11035,9.564766243332409,0.3722923341614645,0.8357639058406037
ID196557,196557,39,1.352579116821289,1209.2434479392082,703.3886403840486,0,43,43,15,1,,12.018691588785046,9,0,54,9002,8.185494728739409,0.3267953381142736,0.7232928450636245
ID196467,196467,39,1.2676868438720703,1206.4287995469506,697.2464306528119,0,44,44,15,1,,12.664886515353805,10,0,45,9486,7.608298884699644,0.2755114358231493,0.7191160908150144
ID196601,196601,39,1.3044652938842773,1205.263596336696,692.4366066667492,0,45,45,15,1,,12.791722296395193,11,0,44,9581,7.928617755722648,0.26762562796202366,0.6812369970846643
ID196735,196735,39,1.4655790328979492,1205.0792391146601,680.1447948516477,0,48,48,15,1,,13.098798397863819,11,0,45,9811,7.984835972397531,0.28811777861182125,0.7338544597571076
ID196825,196825,39,1.1840686798095703,1207.979140717614,673.9571242653218,0,49,49,15,1,,12.818424566088117,12,0,46,9601,7.052070062548742,0.23274195118523494,0.6863577226226465
ID196780,196780,39,1.2723884582519531,1211.6249919741979,670.1748997726329,0,50,50,15,1,,13.28437917222964,12,0,44,9950,7.431004138637157,0.2448985957868002,0.7033574200728319
ID196915,196915,39,1.2397336959838867,1213.8571476543482,670.4647874,0,51,51,15,1,,12.081441922563418,10,0,43,9049,7.632083984041973,0.2366670110169949,0.6058855228741492
ID197009,197009,39,1.5120620727539062,1217.6975242614099,668.6857607342107,0,52,52,15,1,,13.966622162883844,12,0,45,10461,8.09619353,0.2972304252735763,0.7905268695714125
ID196870,196870,39,1.3166446685791016,1222.0906661280144,667.9961544114406,0,53,53,15,1,,12.730307076101468,11,0,45,9535,7.943779898555924,0.2711622271935396,0.6837067789350362
ID196962,196962,39,2.0402164459228516,1222.1944650432804,670.7103312573179,0,54,54,15,1,,14.907877169559413,11,0,52,11166,10.95070648983907,0.34936978379992734,0.7049495261826748
ID197055,197055,39,1.512298583984375,1225.3365168736173,670.6121692221942,0,55,55,15,1,,13.718291054739653,11,0,58,10275,8.836267587793413,0.30646883551667176,0.728363901
ID197101,197101,39,1.2867546081542969,1231.519204458599,670.4852388153123,0,56,56,15,1,,12.343124165554071,10,0,59,9245,7.856399779750781,0.272968024,0.6737919224340361
ID197147,197147,39,1.2555208206176758,1235.6834031611706,674.1407185165035,0,57,57,15,1,,11.85981308411215,10,0,62,8883,7.147442642557684,0.2732390178118011,0.7121802698013905
ID197285,197285,39,1.3644227981567383,1246.656752328966,678.5613641,0,60,60,15,1,,12.261682242990654,11,0,46,9184,7.500330677235473,0.31596164270893695,0.7850381713469398
ID197421,197421,39,1.2983789443969727,1248.1772658272032,679.3112062761543,0,61,61,15,1,,11.723631508678238,10,0,41,8781,6.9593732931986025,0.33075336923969745,0.8373918415131694
ID197332,197332,39,1.4010248184204102,1249.1169633909676,683.1433703638277,0,62,62,15,1,,13.232309746328438,12,0,38,9911,6.723887708359209,0.3411202556937579,1.001117351655174
ID197375,197375,39,1.263509750366211,1252.3427209100862,688.2326062364145,0,63,63,15,1,,12.626168224299066,11,0,44,9457,7.010050758358636,0.3370488073198047,0.9080838211127328
ID197466,197466,39,1.7366046905517578,1252.8329216158836,691.5566336632602,0,64,64,15,1,,13.926568758344459,11,0,58,10431,9.483518018803995,0.38368021058189583,0.81440104
ID197513,197513,39,1.537693977355957,1251.8324943182624,695.8258906735182,0,65,65,15,1,,14.352469959946596,12,0,53,10750,8.332892424834787,0.3560000738489681,0.9043806087215118
ID197559,197559,39,1.7222309112548828,1246.8500320697763,700.1465808376716,0,66,66,15,1,,14.994659546061415,12,0,46,11231,8.750704985975897,0.375735694,0.9359895745653546
ID197607,197607,39,1.6701459884643555,1245.7720074583701,698.2729638118701,0,67,67,15,1,,14.267022696929239,11,0,51,10686,9.425942374809408,0.3692423286403494,0.8163374720198308
ID197655,197655,39,1.4230012893676758,1243.7980887172585,703.0519110100066,0,68,68,15,1,,14.300400534045394,12,0,51,10711,8.653104438,0.3331480308752065,0.8259716228990582
ID197750,197750,39,1.9428319931030273,1241.1826069353153,703.1085537808996,0,69,69,15,1,,15.676902536715621,12,0,51,11742,10.324922499345645,0.40898173220091105,0.8814587660472335
ID197702,197702,39,1.8844690322875977,1237.3888111103647,703.2417756953697,0,70,70,15,1,,15.998664886515353,14,0,54,11983,9.605938912267346,0.38929203896126613,0.933374415
ID197799,197799,39,1.9144582748413086,1234.1206894776064,707.8251038779835,0,71,71,15,1,,17.00667556742323,15,0,52,12738,10.047412111413632,0.3488435874071928,0.8755165479308255
ID197847,197847,39,1.8431434631347656,1230.497454830305,709.3185849527868,0,72,72,15,1,,17.339118825100133,15,0,52,12987,9.951880470089154,0.35089933359292463,0.9051309665353928
ID197944,197944,39,2.0317153930664062,1229.923091065627,712.2756671650056,0,73,73,15,1,,18.109479305740987,16,0,54,13564,10.556635056327005,0.339687009,0.8699334746186781
ID197895,197895,39,2.0792360305786133,1225.2874787580374,722.6850217,0,74,74,15,1,,18.31909212283044,14,0,42,13721,11.073209044037156,0.2913169159299052,0.7464372546678296
ID197992,197992,39,2.447317123413086,1223.4016245465843,717.0904829,0,75,75,15,1,,21.977303070761014,21,0,51,16461,11.967347183031086,0.34065416150336203,0.9332616942007906
ID198040,198040,39,2.8244686126708984,1223.036100237349,719.6759325,0,76,76,15,1,,22.472630173564752,21,0,51,16832,13.67541457488086,0.3484781979777306,0.8493272973363346
ID198088,198088,39,2.3268566131591797,1222.9127181970184,717.5594286649034,0,77,77,15,1,,20.583444592790386,20,0,49,15417,11.409375232637933,0.3071951346413995,0.8479301878007123
ID198136,198136,39,2.1784000396728516,1222.4297254114122,716.1798511955554,0,78,78,15,1,,19.268357810413885,19,0,47,14432,10.652449448435775,0.3087615992172756,0.8534693989963709
ID198186,198186,39,2.106607437133789,1222.7462069165156,712.0250105051302,0,79,79,15,1,,20.253671562082776,19,0,45,15170,9.7637742,0.28968660912952743,0.9318805797211459
ID198235,198235,39,2.137563705444336,1221.595293724543,704.6606150569662,0,80,80,15,1,,20.268357810413885,19,0,61,15181,11.724161491293932,0.3459138733922465,0.8886228510371762
ID198283,198283,39,1.7323112487792969,1222.861537553392,705.6634092323909,0,81,81,15,1,,18.109479305740987,16,0,59,13564,10.333284488070712,0.28097703302808136,0.7688242121769233
ID198330,198330,39,1.2761659622192383,1219.1372666086697,699.2387330822298,0,82,82,15,1,,15.413885180240321,14,0,58,11545,9.007401560930147,0.27736459050202805,0.7431538535236657
ID198376,198376,39,1.4738903045654297,1217.7084900556115,686.6188520410566,0,83,83,15,1,,15.138851802403204,12,0,58,11339,9.753619882839281,0.3416514670148126,0.7904978388928557
ID198471,198471,39,1.626540184020996,1213.9645860834717,685.8290900368229,0,84,84,15,1,,16.19225634178905,12,0,56,12128,10.42943663443722,0.33424427882683044,0.777866645
ID198423,198423,39,1.711176872253418,1216.6612565518178,686.5891800260578,0,85,85,15,1,,14.632843791722296,12,0,69,10960,9.884360252298785,0.3724747044607221,0.8035309360988341
ID198517,198517,39,1.8258800506591797,1209.3973726148395,679.2525994707139,0,86,86,15,1,,16.332443257676903,14,0,44,12233,9.296096417,0.34349578976317174,0.8983915174834975
ID198566,198566,39,2.4663009643554688,1210.4420579655384,678.0836751117454,0,87,87,15,1,,17.98931909212283,13,0,54,13474,11.922987871183404,0.41242496367304055,0.8811283582597267
ID198709,198709,39,2.4155139923095703,1211.4080696774606,674.7376866662582,0,88,88,15,1,,17.125500667556743,13,0,59,12827,11.410791105765842,0.45206589709825845,0.9344862982283425
ID198612,198612,39,1.7272109985351562,1205.4910349904742,665.7578763370358,0,89,89,15,1,,15.198931909212282,12,0,52,11384,10.191702556329556,0.30507107144480905,0.6972093280545593
ID198659,198659,39,1.3252372741699219,1204.923235557456,665.0054499201642,0,90,90,15,1,,14.07743658210948,12,0,47,10544,8.283860078799655,0.29641788328796365,0.7771059048407146
ID198756,198756,39,1.5269536972045898,1201.094931617479,668.4123709968775,0,91,91,15,1,,14.50867824,12,0,55,10867,9.086717813946258,0.30175498214329904,0.7402458894512838
ID198849,198849,39,1.9416484832763672,1197.0325858319518,665.1227302920082,0,92,92,15,1,,16.40987983978638,14,0,51,12291,10.459443375926151,0.30240111813006254,0.7285602217399232
ID198803,198803,39,1.5333805084228516,1194.5954950564594,660.5458025,0,93,93,15,1,,15.795727636849133,14,0,43,11831,8.151616939470232,0.3168942400081519,0.9325869124692732
ID198896,198896,39,1.790858268737793,1190.717779972901,652.402569,0,94,94,15,1,,17.132176234979973,15,0,48,12832,9.201975677,0.3099180410325664,0.8809762136280576
ID198943,198943,39,2.119013786315918,1188.141469279382,649.0249351805502,0,95,95,15,1,,17.755674232309747,16,0,49,13299,9.580247084699534,0.3537396004992649,0.968587816
ID198991,198991,39,2.0282506942749023,1186.846208156692,644.5641180711837,0,96,96,15,1,,16.853137516688918,15,0,50,12623,9.946235490724439,0.36377566468324335,0.9039465029558973
ID199083,199083,39,1.5333328247070312,1183.3739133656957,642.7922104649442,0,97,97,15,1,,16.371161548731642,14,0,45,12262,8.428435532212301,0.3097035108937766,0.9186194941521982
ID199037,199037,39,1.7843704223632812,1181.7495518787389,643.4150024474549,0,98,98,15,1,,15.654205607476635,13,0,46,11725,9.121831312136877,0.3411902453795814,0.8731426706317136
ID199130,199130,39,1.6166276931762695,1178.5289547717202,643.3760199130944,0,99,99,15,1,,15.879839786381842,14,0,56,11894,8.941071606447599,0.3388217240130975,0.8989489641614158
ID199222,199222,39,1.5668249130249023,1174.2556172877464,643.1507922512061,0,100,100,15,1,,14.830440587449933,13,0,62,11108,9.040717900322784,0.32557294350573623,0.8057972964442668
ID199177,199177,39,1.7641315460205078,1167.8206488421513,641.2997394474196,0,101,101,15,1,,16.356475300400533,14,0,63,12251,9.286139194669195,0.32141392692383197,0.8568609277817886
ID199268,199268,39,1.7256298065185547,1165.1134178948266,639.2178237512231,0,102,102,15,1,,14.46328437917223,12,0,53,10833,9.280408920580577,0.34572834329438223,0.8007692614571923
ID199313,199313,39,1.6109981536865234,1161.6052368021853,636.2096637697786,0,103,103,15,1,,14.23497997329773,12,0,52,10662,8.671565458030855,0.32351386600604193,0.8025160988600677
ID199359,199359,39,1.2478828430175781,1154.7060403128069,631.3857738527616,0,104,104,15,1,,14.477970627503337,13,0,42,10844,6.839732000894175,0.26998386834942045,0.8999910960584216
ID199495,199495,39,1.6193456649780273,1157.0808261153509,625.0104278692032,0,107,107,15,1,,14.409879839786381,13,0,53,10793,8.851958822,0.30907662701201216,0.7686914762252575
ID199544,199544,39,1.819718360900879,1158.8228074844667,623.1398046679393,0,108,108,15,1,,15.660881174899867,13,0,61,11730,10.42671546936892,0.3361247014513853,0.7557046666981831
ID199592,199592,39,1.8758783340454102,1163.1838652246638,622.3719724388284,0,109,109,15,1,,15.718291054739653,13,0,71,11773,10.950151966600489,0.3601619321918268,0.7601903764476265
ID199641,199641,39,1.8872184753417969,1166.6504457991798,622.6310142497946,0,110,110,15,1,,15.15754339118825,12,0,76,11353,10.715786862132527,0.3691721542421774,0.762791117
ID199689,199689,39,1.8296709060668945,1169.581616,622.9446701365985,0,111,111,15,1,,14.427236315086782,12,0,77,10806,10.843766807792441,0.3619091820510324,0.707105842
ID199738,199738,39,1.6207904815673828,1172.4395575750875,624.7355649786801,0,112,112,15,1,,14.125500667556743,11,0,81,10580,11.07160716473569,0.3033336273990562,0.5938655539590003
ID199789,199789,39,1.7027454376220703,1174.0367518174037,624.8315042349951,0,113,113,15,1,,14.004005340453938,11,0,85,10489,10.794197043696828,0.3283149425415054,0.6413299364525419
ID199839,199839,39,1.7200403213500977,1181.4071286583678,627.4616943692645,0,114,114,15,1,,13.819759679572764,11,0,76,10351,10.879792112570781,0.3223364513631452,0.6192661479731196
ID199936,199936,39,1.6008882522583008,1182.5698328002193,628.4875093378859,0,115,115,15,1,,14.154873164218959,13,0,74,10602,10.269368990148147,0.2987280907078417,0.63408875
ID199888,199888,39,1.8775520324707031,1187.3541369184961,629.7221552686729,0,116,116,15,1,,15.341789052069426,13,0,81,11491,10.77879813840034,0.34306834126342156,0.7271402657645182
ID199985,199985,39,1.6357355117797852,1188.9115429052947,632.1683158535652,0,117,117,15,1,,13.666221628838452,11,0,73,10236,10.450325290283551,0.287342697,0.5837872902440889
ID200034,200034,39,1.544473648071289,1190.0594846158929,633.1956188743958,0,118,118,15,1,,13.91588785046729,12,0,63,10423,9.28037007,0.312623917,0.714261939
ID200083,200083,39,1.855508804321289,1190.9727603431702,633.9756148070851,0,119,119,15,1,,16.132176234979973,14,0,72,12083,10.653381536963183,0.33869942510044554,0.7662435910669548
ID200182,200182,39,1.994441032409668,1190.486750668697,633.8625448762108,0,120,120,15,1,,15.959946595460615,13,0,61,11954,10.977906738571823,0.3577711628875194,0.7661620641043924
ID200133,200133,39,2.1577301025390625,1188.4102545858639,632.7331802207477,0,121,121,15,1,,16.172229639519358,12,0,55,12113,11.165788944330544,0.39146135659206166,0.8149448652629584
ID200230,200230,39,2.037027359008789,1186.7359532060648,633.8063987957129,0,122,122,15,1,,15.576769025367156,12,0,54,11667,10.345426782991979,0.3928775828808804,0.8493824136156486
ID200278,200278,39,1.4270668029785156,1181.3449358248797,630.4540385787305,0,123,123,15,1,,13.914552736982644,12,0,46,10422,8.523366073221165,0.30310987304192727,0.7594639306830393
ID200328,200328,39,1.9223766326904297,1176.728802351503,629.4994503340372,0,124,124,15,1,,14.336448598130842,11,0,50,10738,10.166870739451506,0.37522328327835175,0.7694862047957032
ID200377,200377,39,1.5583457946777344,1176.2766531189116,630.5430130327358,0,125,125,15,1,,15.264352469959947,12,0,49,11433,9.098808334954663,0.3168063903374516,0.8072273582462587
ID200428,200428,39,1.605240821838379,1174.1600124946706,625.3907148983446,0,126,126,15,1,,14.113484646194927,11,0,45,10571,8.958412069012368,0.34844163298611475,0.8142000094949419
ID200476,200476,39,1.8166513442993164,1174.001851902485,621.6929592812013,0,127,127,15,1,,14.863818424566087,12,0,50,11133,9.496418511445585,0.36826337989087565,0.8425377569654788
ID200523,200523,39,1.631180763244629,1169.9321383146448,620.5945358451254,0,128,128,15,1,,14.174899866488651,11,0,57,10617,8.899625068522877,0.35017224849599593,0.8261726850967536
ID200571,200571,39,1.1920528411865234,1162.5559078778597,617.1919066,0,129,129,15,1,,11.643524699599466,9,0,47,8721,7.726596636377112,0.3108133940694681,0.7146363111262828
ID200618,200618,39,1.3940715789794922,1160.2901089580585,613.9901591989103,0,130,130,15,1,,13.22429906542056,11,0,43,9905,7.958642912039054,0.31807254014130004,0.8019559306961225
ID200665,200665,39,1.1958436965942383,1161.2523904626817,608.6639319451505,0,131,131,15,1,,12.404539385847798,11,0,46,9291,7.053502994974782,0.30539787917709266,0.8228655810493497
ID200715,200715,39,1.251551628112793,1160.2308905643242,604.9957831272511,0,132,132,15,1,,12.293724966622163,10,0,37,9208,6.785422061296106,0.27200804009347035,0.7748693932693642
ID200763,200763,39,1.3203325271606445,1161.7037269233815,602.2842260552761,0,133,133,15,1,,12.738317757009346,11,0,47,9541,7.2568159257472535,0.3178820098733474,0.8468088486335345
ID200812,200812,39,1.4597816467285156,1166.8338625403262,600.3221399812469,0,134,134,15,1,,13.23898531375167,11,0,54,9916,8.719041614166661,0.3432917661772579,0.7760844466534506
ID200862,200862,39,1.5073528289794922,1171.0007058034948,599.6555892119095,0,135,135,15,1,,13.429906542056075,12,0,54,10059,8.795475417820155,0.3305381958400375,0.7586439047131206
ID200960,200960,39,1.626678466796875,1174.8695149419048,600.0350762455059,0,136,136,15,1,,13.264352469959947,11,0,68,9935,9.765270381797391,0.35631815933905603,0.7136876089934923
ID200911,200911,39,1.8893966674804688,1176.037561156406,600.4089860215547,0,137,137,15,1,,14.04539385847797,11,0,75,10520,10.883956242456893,0.37065108176848105,0.6979358222476928
ID201008,201008,39,1.5680809020996094,1178.2366817979748,601.4253965093048,0,138,138,15,1,,13.59279038718291,11,0,77,10181,10.15171023420516,0.30773814059139626,0.6301732116203622
ID201153,201153,39,1.2427959442138672,1190.7766556434096,606.7663563848417,0,141,141,15,1,,12.050734312416555,11,0,69,9026,8.397229625,0.2650598226411255,0.601368004
ID201202,201202,39,1.5694971084594727,1192.839575100027,609.5224510366093,0,142,142,15,1,,12.983978638184245,10,0,61,9725,9.627265185,0.3110689578150771,0.639979397
ID201250,201250,39,1.7653617858886719,1196.0762987512626,610.6888741049086,0,143,143,15,1,,14.130841121495328,11,0,63,10584,10.027980744944644,0.3247799849257689,0.6909235837649036
ID201345,201345,39,1.7319793701171875,1198.0703301026747,613.6773230276625,0,144,144,15,1,,13.612817089452603,11,0,60,10196,9.732636874420697,0.3187171866865014,0.6760850015907932
ID201296,201296,39,1.7714080810546875,1198.5827777484321,615.0013677235266,0,145,145,15,1,,13.32977303070761,10,0,57,9984,10.317651796061911,0.3129988125815663,0.6159567798738709
ID201394,201394,39,1.6354055404663086,1198.841008749308,615.5533904315192,0,146,146,15,1,,14.046728971962617,11,0,58,10521,9.604572529994897,0.31594237966445976,0.7022603836953917
ID201442,201442,39,2.0919265747070312,1197.4262863248969,615.3160475,0,147,147,15,1,,15.117489986648865,11,0,76,11323,11.849076594878746,0.3667358979543073,0.6846900234917783
ID201490,201490,39,1.8238611221313477,1193.7549160100034,613.1533621161562,0,148,148,15,1,,14.790387182910548,11,0,51,11078,10.870905756292277,0.36623572056466847,0.7294220251529392
ID201538,201538,39,1.3225975036621094,1189.3342967042258,612.2728258,0,149,149,15,1,,12.324432576769025,10,0,50,9231,8.741547704029598,0.3184495684372982,0.6810605727307916
ID201585,201585,39,1.895787239074707,1186.862026425048,610.8942348361969,0,150,150,15,1,,15.320427236315087,11,0,52,11475,10.559552120885417,0.39965042836538384,0.8285449515085914
ID201634,201634,39,1.8246498107910156,1184.8517812779307,610.2691693,0,151,151,15,1,,14.897196261682243,11,0,51,11158,9.292418572722674,0.38315881477788516,0.8882036289533597
ID201682,201682,39,1.380737305,1185.9171763895176,604.0842888788283,0,152,152,15,1,,13.539385847797062,11,0,62,10141,9.938183812109505,0.3061555879642383,0.6386592601346824
ID201730,201730,39,1.5573177337646484,1180.312771149527,602.8806952,0,153,153,15,1,,14.176234979973298,12,0,44,10618,8.829394346287337,0.35699904282294104,0.8447875313029803
ID201777,201777,39,1.6454944610595703,1176.4763209221971,597.2910541527453,0,154,154,15,1,,13.200267022696929,11,0,44,9887,8.486065958,0.3757903802326005,0.8497666821872185
ID201876,201876,39,1.8389825820922852,1173.0128923906516,594.1122500345932,0,155,155,15,1,,14.587449933244326,12,0,45,10926,8.672249832,0.375720574,0.9187817040443105
ID201828,201828,39,1.6044015884399414,1171.4251082987391,589.7983892221267,0,156,156,15,1,,13.74766355140187,12,0,49,10297,8.596208311877778,0.33393403370159896,0.8007156000798274
ID201926,201926,39,1.6658382415771484,1168.1804661620172,585.7548208511172,0,157,157,15,1,,14.632843791722296,13,0,51,10960,9.167778966582466,0.3205655659406906,0.7749104176683936
ID201976,201976,39,2.074106216430664,1166.4783812528694,588.2972152258139,0,158,158,15,1,,16.01735648,13,0,58,11997,10.47014946888675,0.35878531900866956,0.8078891458808772
ID202024,202024,39,2.0732555389404297,1167.8630143578685,590.5462218,0,159,159,15,1,,15.255006675567424,12,0,68,11426,10.489764155533978,0.37745509127725024,0.7970113624157438
ID202073,202073,39,1.3906984329223633,1163.3991002505784,586.8992243545297,0,160,160,15,1,,13.632843791722296,12,0,45,10211,8.028028444,0.28652402989183107,0.7563985714016396
ID202171,202171,39,1.2205591201782227,1160.5069066521705,585.1746710231499,0,161,161,15,1,,12.387182910547397,11,0,46,9278,6.818082766797047,0.2643265822285357,0.7596645296010822
ID202269,202269,39,1.4793729782104492,1158.320729426795,582.6077816725505,0,163,163,15,1,,13.287049399198931,12,0,46,9952,7.995761275068025,0.3200791623034629,0.8058536034153607
ID202221,202221,39,1.5017614364624023,1161.7728457471035,575.6985389969254,0,164,164,15,1,,13.795727636849133,12,0,50,10333,8.703044086692703,0.3212112360319178,0.7707648378317027
ID202316,202316,39,1.680877685546875,1166.410900687482,573.0921191999109,0,165,165,15,1,,14.02803738317757,11,0,57,10507,10.197934886819974,0.31461454706867076,0.6584079123920511
ID202364,202364,39,1.4142179489135742,1166.2091860666108,571.2425623498934,0,166,166,15,1,,13.440587449933245,11,0,55,10067,9.490820652598437,0.29187598681163507,0.6399146022212252
ID202411,202411,39,1.5096158981323242,1170.854043041475,570.3256571899091,0,167,167,15,1,,13.393858477970628,11,0,57,10032,9.623445895020316,0.281165922,0.6108891287072818
ID202458,202458,39,1.4762887954711914,1173.1531352245925,568.7044886716701,0,168,168,15,1,,14.117489986648865,12,0,56,10574,8.731103421,0.31030522832221247,0.7658345770395111
ID202553,202553,39,1.549438477,1179.6163123417632,567.7531683724826,0,169,169,15,1,,14.108144192256342,12,0,56,10567,9.404191829061677,0.2925217364617043,0.6790452152676663
ID202505,202505,39,1.5260725021362305,1184.3659674269945,567.8467294,0,170,170,15,1,,13.28437917222964,11,0,59,9950,9.574812884,0.28425842964000403,0.6141887972080617
ID202648,202648,39,1.4264345169067383,1186.5759022234736,570.2204465794105,0,171,171,15,1,,13.835781041388518,12,0,55,10363,8.499984356,0.29060420090857886,0.7330344128413101
ID202600,202600,39,1.238163948059082,1191.3939086180094,571.3299821,0,172,172,15,1,,13.684913217623498,12,0,56,10250,8.675957892,0.22837782657636557,0.5865115580898848
ID202695,202695,39,1.3267440795898438,1192.1253012738034,571.9883397405372,0,173,173,15,1,,13.421895861148197,11,0,65,10053,9.236109740517023,0.25453811860804043,0.5896899743190761
ID202742,202742,39,1.3645248413085938,1195.0386313346567,571.4651857363042,0,174,174,15,1,,13.751668891855807,12,0,55,10300,9.268846273863307,0.2514012684437411,0.5961157507890346
ID202927,202927,39,1.4396905899047852,1196.5820671053657,579.2499227798983,0,178,178,15,1,,15.02803738317757,13,0,53,11256,9.184270092516364,0.2701941699466372,0.6961350073798175
ID203021,203021,39,1.5612001419067383,1192.9212692522335,578.3285336480047,0,179,179,15,1,,14.535380507343124,12,0,54,10887,9.707783443,0.2762078881342089,0.6481133598115159
ID202974,202974,39,1.7950983047485352,1189.8832569644721,576.1135344028705,0,180,180,15,1,,15.48064085447263,12,0,67,11595,10.980839492151457,0.2907523205231137,0.6351315145890122
ID203068,203068,39,1.4973793029785156,1186.6094832898793,576.5409118331212,0,181,181,15,1,,14.153538050734312,12,0,59,10601,9.418049510546705,0.27981595216925076,0.6571416501111167
ID203115,203115,39,1.5202646255493164,1185.002096224008,577.4337305,0,182,182,15,1,,14.588785046728972,12,0,52,10927,8.671002892916935,0.297270263,0.7710824061036039
ID203164,203164,39,1.8903627395629883,1180.5271433447642,577.9593565635145,0,183,183,15,1,,15.870493991989319,13,0,58,11887,10.089336107885979,0.32640767495997347,0.7741786430663866
ID203262,203262,39,1.632481575012207,1177.6128512198857,576.7273822544696,0,184,184,15,1,,15.43124165554072,13,0,52,11558,8.722528222,0.33425996980551786,0.8864054095202041
ID203310,203310,39,1.9001216888427734,1172.218829,573.4229725393856,0,185,185,15,1,,14.767690253671562,12,0,61,11061,10.238831015649716,0.3730443102764615,0.783732872
ID203214,203214,39,1.7563095092773438,1169.3424356734645,573.3279701395211,0,186,186,15,1,,14.891855807743658,13,0,55,11154,9.503604742526667,0.3279301143415105,0.7739208253278046
ID203359,203359,39,1.5217647552490234,1162.6109963761564,573.8973744180731,0,187,187,15,1,,13.658210947930574,12,0,51,10230,8.582915968808855,0.2888403014280552,0.7132596117466746
ID203407,203407,39,1.599243164,1159.0588816052718,570.7606597127738,0,188,188,15,1,,13.870493991989319,12,0,50,10389,8.463545444647506,0.33837845212917256,0.8286924027337395
ID203455,203455,39,1.2673931121826172,1153.7667833232836,566.1821590630772,0,189,189,15,1,,12.432576769025367,11,0,48,9312,7.193825814454428,0.2966357844551874,0.7907455652463371
ID203598,203598,39,1.2864160537719727,1154.8351505833286,557.1864523045974,0,192,192,15,1,,11.31909212283044,9,0,56,8478,8.526361840403013,0.3071573410159091,0.6238940790757653
ID203647,203647,39,1.277761459350586,1156.3182112625768,555.0178944763024,0,193,193,15,1,,11.897196261682243,9,0,51,8911,8.290923788229634,0.26839371292300074,0.6072813673136689
ID203696,203696,39,1.2789583206176758,1163.4027510860321,551.3137494340298,0,194,194,15,1,,12.50200267022697,10,0,45,9364,8.041274458344974,0.2681735759333149,0.6575397025771659
ID203744,203744,39,1.3783531188964844,1166.6528734082256,550.2839188460366,0,195,195,15,1,,12.421895861148197,10,0,46,9304,8.090124113115415,0.3028872260490369,0.7138990878299973
ID203793,203793,39,1.383732795715332,1170.176786456538,550.8795198763277,0,196,196,15,1,,12.456608811748998,11,0,51,9330,7.985434583653882,0.3011508427544373,0.7220839649851646
ID203844,203844,39,1.4013595581054688,1175.1338876958712,551.3276392914145,0,197,197,15,1,,12.544726301735647,10,0,68,9396,9.250216912393245,0.26713249727876565,0.5717997541435647
ID204189,204189,39,1.685007095336914,1188.1313512144402,552.4480734025832,0,204,204,15,1,,14.214953271028037,11,0,56,10647,10.566215490448538,0.286529674,0.5992468598212768
ID204240,204240,39,1.7204742431640625,1185.9583368659207,553.3306554709629,0,205,205,15,1,,14.794392523364486,12,0,62,11081,10.60195827742722,0.2951803196260765,0.6360601745446444
ID204291,204291,39,1.6304073333740234,1184.9235231903822,552.8634362844083,0,206,206,15,1,,13.700934579439252,11,0,69,10262,10.527466580394792,0.2997291895028693,0.6002504353126236
ID204342,204342,39,1.910599708557129,1185.4807692010252,554.7474566207472,0,207,207,15,1,,15.393858477970628,12,0,67,11530,10.877588925902062,0.3505676326717996,0.7346835594851431
ID204393,204393,39,1.6201238632202148,1180.8323349350662,557.7152298949112,0,208,208,15,1,,14.53671562082777,12,0,68,10888,9.503042034791264,0.3016777735080348,0.7090444546622917
ID204442,204442,39,1.730508804321289,1176.4950575637833,560.6907225690178,0,209,209,15,1,,15.642189586114819,13,0,51,11716,9.158738763283019,0.3324146334642372,0.852182496
ID204492,204492,39,1.9008712768554688,1172.922002592873,562.1259097033433,0,210,210,15,1,,15.23898531375167,12,0,52,11414,9.777759169,0.3626486462712356,0.8295620602527783
ID204541,204541,39,1.7633733749389648,1171.976075332102,560.5515842846715,0,211,211,15,1,,15.49799732977303,13,0,58,11608,9.509441339720004,0.329610387,0.8080292149852376
ID204591,204591,39,2.023331642150879,1169.5608948072913,562.0075634,0,212,212,15,1,,16.209612817089454,13,0,56,12141,10.146130870500974,0.38983359169856685,0.8962282565429623
ID204691,204691,39,1.719437599182129,1164.2415766565678,561.4158329963128,0,213,213,15,1,,14.590120160213619,12,0,56,10928,9.517164825852324,0.3573563777234137,0.8072144412817119
ID204641,204641,39,1.680953025817871,1161.5751395453567,567.4025428051515,0,214,214,15,1,,14.911882510013351,13,0,51,11169,8.533214771650758,0.3306312180419076,0.8684322464575849
ID204740,204740,39,1.4789056777954102,1156.6473150366917,568.1893473834015,0,215,215,15,1,,14.232309746328438,13,0,48,10660,7.832434459,0.3201934343456946,0.8814211493284358
ID204789,204789,39,1.6584663391113281,1155.2948413180397,569.4058405799776,0,216,216,15,1,,14.006675567423231,12,0,55,10491,8.916649587664724,0.33046478848516914,0.7803423399538552
ID204839,204839,39,1.5040626525878906,1148.6361536869451,570.0548657297776,0,217,217,15,1,,12.991989319092124,11,0,47,9731,9.080150527615935,0.3312587746253056,0.7120615085690752
ID204887,204887,39,1.5427560806274414,1147.2071946897474,569.7413417751968,0,218,218,15,1,,12.850467289719626,10,0,46,9625,8.381866435453157,0.3279320520215735,0.7572097425983534
ID205033,205033,39,1.5629682540893555,1143.7160814921106,564.7878191407784,0,220,220,15,1,,13.546061415220294,11,0,46,10146,7.6675283164038035,0.3493517928276014,0.9147984779392254
ID204984,204984,39,1.3644094467163086,1142.287696539366,562.9919474703398,0,221,221,15,1,,12.825100133511349,11,0,48,9606,7.951060881481759,0.28933115260099185,0.7239297133073581
ID205127,205127,39,1.3991279602050781,1143.309939487979,561.4294310907634,0,222,222,15,1,,12.53671562082777,10,0,52,9390,8.776506095930658,0.3167632444962206,0.6872570422556254
ID205080,205080,39,1.6243886947631836,1143.979558677938,557.6734766169126,0,223,223,15,1,,12.981308411214954,10,0,55,9723,9.887450745414139,0.34234025281224634,0.6696679034569105
ID205177,205177,39,1.783060073852539,1146.3724070436012,551.2957370500483,0,224,224,15,1,,13.515353805073431,10,0,56,10123,10.549290560278905,0.3692176321706691,0.6909460050474794
ID205226,205226,39,1.7622442245483398,1149.3384029061144,549.4035825505036,0,225,225,15,1,,13.92256341789052,11,0,61,10428,10.27011582123595,0.35800861393335687,0.7147675219877825
ID205275,205275,39,1.6271209716796875,1150.595060821347,547.3632628914294,0,226,226,15,1,,13.51268357810414,11,0,59,10121,9.711281927005642,0.3329432995641633,0.6951101720216273
ID205323,205323,39,1.6833887100219727,1155.3126718267868,544.6213182334579,0,227,227,15,1,,13.815754339118826,11,0,57,10348,9.354899063898028,0.3410791252353454,0.7512184228750767
ID205423,205423,39,1.6516914367675781,1158.719196224413,543.7253914918787,0,228,228,15,1,,12.664886515353805,10,0,49,9486,8.876521223498628,0.3503074412685948,0.7402956615843501
ID205373,205373,39,1.4473648071289062,1163.869677027029,543.4861418709797,0,229,229,15,1,,12.367156208277704,10,0,52,9263,8.869978208885348,0.308859238,0.658028862
ID205522,205522,39,2.020056725,1165.2896457074985,542.0169015965246,0,230,230,15,1,,14.336448598130842,10,0,56,10738,10.849185813932237,0.34803867722206894,0.6823380446658017
ID205471,205471,39,1.6754674911499023,1166.835241785862,542.9833651,0,231,231,15,1,,12.843791722296395,10,0,53,9620,9.411473515447147,0.35316478895657943,0.7123482052780782
ID205621,205621,39,1.1856908798217773,1171.9131694651767,546.6519982397484,0,233,233,15,1,,11.73698264,10,0,36,8791,6.449846159585396,0.2586772337189766,0.7479644089848393
ID205670,205670,39,1.3234052658081055,1170.1381678854386,552.2268784490728,0,234,234,15,1,,12.688918558077436,11,0,41,9504,7.398557998687031,0.31946263551378157,0.8304825216781945
ID205722,205722,39,1.4681968688964844,1168.0843426223805,553.5516422996784,0,235,235,15,1,,13.170894526034713,11,0,50,9865,8.39627858,0.3066373057082163,0.7362551823881592
ID205773,205773,39,1.5873069763183594,1168.8085002224675,555.8225123432373,0,236,236,15,1,,14.15086782376502,12,0,51,10599,8.099807875181924,0.3337890303805976,0.8744264203210034
ID205874,205874,39,1.7045373916625977,1164.694210619013,556.6405067003406,0,237,237,15,1,,13.755674232309746,11,0,61,10303,9.563207150079826,0.3233989375254998,0.7030012896381058
ID205823,205823,39,1.6432857513427734,1164.0440912167335,557.8781375579263,0,238,238,15,1,,13.97196261682243,12,0,57,10465,9.411451326058677,0.3360037159507429,0.7467362327287994
ID206024,206024,39,1.3795042037963867,1150.6182916741611,566.3825770721883,0,241,241,15,1,,13.862483311081442,13,0,43,10383,7.075493953112853,0.29830406736408094,0.9003202640016603
ID206075,206075,39,1.3367624282836914,1147.5811516982892,566.6182210552666,0,242,242,15,1,,13.805073431241656,12,0,42,10340,7.049058488,0.3033949002353995,0.9117375922315402
ID206125,206125,39,1.5770511627197266,1148.8282392846595,562.0744896044716,0,243,243,15,1,,13.942590120160213,12,0,57,10443,8.079197836,0.33996900257998824,0.8756887739804362
ID206176,206176,39,1.4468421936035156,1139.3039405766765,557.4654911822199,0,244,244,15,1,,12.395193591455273,10,0,46,9284,8.501259948844044,0.32648149950963534,0.7177238744062362
ID206227,206227,39,1.188298225402832,1139.5918136394073,552.956039,0,245,245,15,1,,12.190921228304406,11,0,37,9131,6.703987386434751,0.2849447620936114,0.8065096199545364
ID206277,206277,39,1.3420982360839844,1135.9844202846184,553.1548558662223,0,246,246,15,1,,11.381842456608812,9,0,44,8525,7.857758951838663,0.31671758138462525,0.6968244831389172
ID206327,206327,39,1.5008792877197266,1136.3982091067785,549.6202334704901,0,247,247,15,1,,12.503337783711615,10,0,48,9365,8.581571604155437,0.32958479434608634,0.7223376573778784
ID206377,206377,39,1.3354778289794922,1135.5427200129386,545.0374235090928,0,248,248,15,1,,11.84913217623498,10,0,46,8875,8.015355578,0.30526157458667413,0.691462024
ID206426,206426,39,1.4473800659179688,1140.607622276259,536.9610652993848,0,249,249,15,1,,12.237650200267023,10,0,56,9166,8.533490037790521,0.31161871917946105,0.681423767
ID206477,206477,39,1.4795560836791992,1141.2368347904023,536.9848755686788,0,250,250,15,1,,11.839786381842456,9,0,44,8868,8.448710812473637,0.31226672694293867,0.6669403778767388
ID206526,206526,39,1.5700044631958008,1143.1886980536112,532.7705527411241,0,251,251,15,1,,11.882510013351135,9,0,64,8900,9.289438319,0.35886509918778314,0.6756217288460471
ID206577,206577,39,1.4467792510986328,1148.3851906181867,531.7964462350756,0,252,252,15,1,,12.21762349799733,9,0,59,9151,8.597935905280918,0.3486666155975577,0.7347308728671414
ID206628,206628,39,1.3766679763793945,1154.4962931768096,531.3311814131156,0,253,253,15,1,,12.719626168224298,11,0,44,9527,7.228242430225781,0.348776103,0.9100777395557254
ID206680,206680,39,1.258749008178711,1160.2067845135787,534.4345622705947,0,254,254,15,1,,12.130841121495328,10,0,38,9086,7.233239669038382,0.3165580830515969,0.8064945530828982
ID206732,206732,39,1.3947439193725586,1162.575975663363,534.4538099684748,0,255,255,15,1,,13.104138851802404,11,0,43,9815,8.073184401239468,0.3381468113692964,0.8203423687958842
ID206782,206782,39,1.4334497451782227,1164.538906870799,533.4598531177959,0,256,256,15,1,,12.324432576769025,10,0,51,9231,8.713208585556062,0.348783442,0.7315305227377044
ID206834,206834,39,1.886108398,1162.3420400846542,537.0896153332877,0,257,257,15,1,,15.658210947930574,12,0,46,11728,9.624535685909485,0.37982495331948574,0.8956778754349534
ID206884,206884,39,1.6940488815307617,1165.4935608363728,538.9152642885243,0,258,258,15,1,,14.763684913217624,12,0,48,11058,8.764992673339133,0.37548577516651566,0.9196246243940164
ID206933,206933,39,1.6642026901245117,1167.077063777627,541.4607987895946,0,259,259,15,1,,13.930574098798397,10,0,56,10434,10.467570869624497,0.3776446033055656,0.729624129
ID206983,206983,39,2.2637453079223633,1167.409832484017,542.8033941675502,0,260,260,15,1,,17.32576769025367,12,0,58,12977,12.479743623723786,0.4296879821933753,0.8345046475227604
ID207032,207032,39,2.207612991333008,1167.2713570115643,544.8230269876996,0,261,261,15,1,,17.29105473965287,13,0,65,12951,12.637931512849331,0.4302668125135019,0.8231827697711648
ID207133,207133,39,1.6518335342407227,1164.8681931389315,544.6994964629536,0,262,262,15,1,,14.309746328437917,10,0,57,10718,10.561137191885738,0.3736125142300632,0.7370694690874906
ID207083,207083,39,1.8882484436035156,1161.3357830919106,546.7481972415162,0,263,263,15,1,,15.923898531375167,12,0,57,11927,11.483111419939215,0.4064626291547073,0.8015160869547573
ID207183,207183,39,1.8101863861083984,1161.505590988159,549.5293141324565,0,264,264,15,1,,15.929238985313752,12,0,59,11931,10.509688022701763,0.3796890172692142,0.8342227461516691
ID207233,207233,39,1.9921483993530273,1157.945068073657,548.6891583882874,0,265,265,15,1,,15.300400534045394,12,0,70,11460,11.21218599616596,0.3833746374073676,0.7563556773804226
ID207330,207330,39,1.8044862747192383,1157.4541029827828,550.6743701266082,0,266,266,15,1,,15.520694259012016,12,0,60,11625,10.293872407555297,0.38357156055267877,0.8360016443079064
ID207281,207281,39,1.5720558166503906,1153.8220460122902,552.6521117,0,267,267,15,1,,14.265687583444592,12,0,55,10685,8.564018761117234,0.3451991107276495,0.8549253427135803
ID207381,207381,39,1.7079496383666992,1152.4143832554366,553.4971156332284,0,268,268,15,1,,14.881174899866489,12,0,59,11146,10.06505739854208,0.32596991006719345,0.7269337029693288
ID207479,207479,39,1.4094581604003906,1153.432751304901,560.2228208360613,0,269,269,15,1,,15.024032042723631,13,0,44,11253,7.881438241059518,0.3135538509140308,0.9100710031568753
ID207429,207429,39,1.4650812149047852,1153.1538991751775,561.5498004314113,0,270,270,15,1,,14.652870493991989,12,0,45,10975,8.514202221965478,0.33729250192639076,0.8681385131491562
ID207529,207529,39,1.5480003356933594,1147.007085586778,562.1105396805477,0,271,271,15,1,,13.830440587449933,12,0,54,10359,8.829752356509264,0.3218493641117938,0.7627604682514543
ID207582,207582,39,1.8597517013549805,1147.906018631255,566.7677298709563,0,272,272,15,1,,15.376502002670227,13,0,53,11517,9.770893316214966,0.3623332549938213,0.8371014819928417
ID207633,207633,39,1.805983543395996,1144.8393843789984,569.5076073822121,0,273,273,15,1,,15.627503337783711,13,0,58,11705,9.266485052539227,0.3692637951227016,0.909607788
ID207687,207687,39,1.8276901245117188,1137.6237573120093,577.8980793598548,0,274,274,15,1,,15.285714285714286,13,0,54,11449,9.558492678061052,0.3703135596426939,0.8643228231565956
ID207739,207739,39,1.648533821105957,1136.2391674048204,580.8696559642308,0,275,275,15,1,,14.706275033377837,12,0,56,11015,9.597472128977586,0.3639652625351703,0.8177723941446514
ID207788,207788,39,1.8050689697265625,1132.6801778566419,585.2593061222988,0,276,276,15,1,,15.016021361815755,13,0,51,11247,9.138550867438571,0.38433490617076765,0.9123809304757895
ID207839,207839,39,1.7964468002319336,1132.0284953280077,586.4559890357971,0,277,277,15,1,,14.241655540720961,11,0,53,10667,9.943642014214783,0.3785286673358392,0.7865529535441578
ID207889,207889,39,2.440232276916504,1131.7218558937427,588.9802305,0,278,278,15,1,,17.443257676902537,14,0,67,13065,12.052072760423878,0.4454966954310099,0.8921199078589658
ID207940,207940,39,1.8166265487670898,1128.8144298864008,592.9769793895493,0,279,279,15,1,,14.834445927903872,12,0,60,11111,9.395319071108826,0.3983432936733149,0.8995669642733204
ID207990,207990,39,2.3296308517456055,1128.5599059691879,593.9961987183023,0,280,280,15,1,,16.98531375166889,13,0,58,12722,11.518808059255683,0.4275911195287751,0.8833257012246647
ID208041,208041,39,1.4816179275512695,1130.628714086185,593.4553114966584,0,281,281,15,1,,15.016021361815755,13,0,47,11247,8.129451289412028,0.34149890656296433,0.940421684
ID208143,208143,39,2.141916275024414,1128.5555689207724,595.6143690655252,0,282,282,15,1,,16.363150867823766,14,0,53,12256,9.332768370629843,0.3913993344265394,0.9864037952042047
ID208092,208092,39,1.5479860305786133,1126.1634635070423,597.8031731104709,0,283,283,15,1,,14.853137516688918,13,0,52,11125,8.594539144755991,0.3199881586680238,0.8378947624276822
ID208195,208195,39,1.2313051223754883,1121.8770560936398,601.7798058678394,0,284,284,15,1,,13.321762349799734,12,0,48,9978,7.565883111990449,0.25742038760552255,0.7209323144158418
ID208347,208347,39,1.2853279113769531,1118.628090520534,606.6270042539622,0,287,287,15,1,,13.57943925233645,12,0,56,10171,8.339914605136594,0.27121887843149267,0.6947840027963387
ID208400,208400,39,1.2224483489990234,1117.7030026375396,605.1760755279328,0,288,288,15,1,,13.809078771695594,13,0,61,10343,8.586902277756725,0.2477406750650695,0.6386033110503281
ID208450,208450,39,1.3757619857788086,1116.623930009033,600.5710495644477,0,289,289,15,1,,13.851802403204273,12,0,73,10375,10.146292891866185,0.26932636279911126,0.5793412532256154
ID208501,208501,39,1.5337142944335938,1116.7083291225297,599.6066942013291,0,290,290,15,1,,13.895861148197596,11,0,88,10408,12.286349386320023,0.2916580464839738,0.5107625060484012
ID208552,208552,39,1.5665664672851562,1117.5762721898975,596.4070727,0,291,291,15,1,,13.367156208277704,10,0,94,10012,12.983125207902331,0.3263835853226693,0.506697713
ID208603,208603,39,1.9689722061157227,1117.717197353363,592.6332530583871,0,292,292,15,1,,14.70493991989319,11,0,94,11014,13.253583498985002,0.39965649185228114,0.6336148403383569
ID208655,208655,39,1.9592227935791016,1117.5723949757464,589.5021875244796,0,293,293,15,1,,14.412550066755674,11,0,89,10795,13.188955942863611,0.3932631044405839,0.6168938971089999
ID208706,208706,39,1.9404802322387695,1120.5285137791539,584.1359261754002,0,294,294,15,1,,13.885180240320427,10,0,80,10400,13.077827783938242,0.38737039979157906,0.5928978980347006
ID208758,208758,39,1.9395818710327148,1122.4149309258275,582.1846251392745,0,295,295,15,1,,13.655540720961282,10,0,87,10228,12.51219349157449,0.40920121038645224,0.6338249745179837
ID208810,208810,39,1.7603282928466797,1125.3061138885425,581.0204661466086,0,296,296,15,1,,13.253671562082777,10,0,72,9927,10.980524957693508,0.38980093545590955,0.6770696921719419
ID208863,208863,39,1.8826284408569336,1126.1435461130666,578.1750079568786,0,297,297,15,1,,13.395193591455273,10,0,64,10033,11.264148719999612,0.4340553550330745,0.7198795183425024
ID208915,208915,39,1.9144868850708008,1127.569621664747,576.7908739095703,0,298,298,15,1,,14.15754339118825,11,0,69,10604,11.888936228788184,0.42532359045322543,0.7106911342115642
ID208965,208965,39,2.2077293395996094,1129.2569367139042,574.5298486383709,0,299,299,15,1,,14.732977303070761,11,0,65,11035,11.623585846975004,0.4467450248213284,0.7827951299854515
ID209018,209018,39,1.9066829681396484,1131.6110256529012,574.7490948140353,0,300,300,15,1,,13.770360480640855,11,0,53,10314,10.204755497459423,0.43035604618519246,0.8120007944935963
ID209070,209070,39,1.3349218368530273,1132.2603759199899,577.1515864935238,0,302,302,15,1,,11.75433912,9,0,53,8804,8.401584902513918,0.33109500342845205,0.6960021239870142
ID209173,209173,39,1.2118091583251953,1132.5299525086477,578.9823902741697,0,303,303,15,1,,12.109479305740988,10,0,36,9070,7.314280104,0.32318221675991243,0.8087451276470614
ID209424,209424,39,1.5239486694335938,1128.7274607492648,589.0317075642342,0,308,308,15,1,,13.016021361815755,11,0,48,9749,8.911463486738809,0.33836936318658684,0.7385404111304754
ID209523,209523,39,1.51776123,1124.587631761716,591.5269842,0,309,309,15,1,,13.604806408544727,11,0,45,10190,8.622739392,0.31206617149210547,0.7505299993643932
ID209474,209474,39,1.5580205917358398,1122.0344133333551,591.4416914543234,0,310,310,15,1,,13.082777036048064,10,0,56,9799,9.642879104,0.31566006721963596,0.6510272469912183
ID209573,209573,39,1.5908355712890625,1118.195934035598,591.6387230319599,0,311,311,15,1,,13.660881174899867,11,0,57,10232,9.765284455965181,0.3118279732816102,0.6650617877873508
ID209622,209622,39,1.5028886795043945,1113.5484456335826,592.3694693509153,0,312,312,15,1,,14.088117489986649,12,0,52,10552,9.352441432921728,0.288836896,0.675169278
ID209672,209672,39,1.350367546081543,1110.849402727614,591.1787785128034,0,313,313,15,1,,13.018691588785046,11,0,44,9751,8.04015144,0.28622626518857947,0.720651368
ID209771,209771,39,1.209162712097168,1100.0092095102796,589.6451102326804,0,315,315,15,1,,12.037383177570094,10,0,40,9016,7.485900585873969,0.2945244029910751,0.7316932832244681
ID209822,209822,39,1.1979856491088867,1098.7526624876723,587.9511429,0,316,316,15,1,,11.380507343124165,10,0,44,8524,7.218380746252851,0.26699269121934566,0.6644726293390847
ID210023,210023,39,1.364309310913086,1099.5904949326134,571.8257640717686,0,320,320,15,1,,10.667556742323097,8,0,55,7990,8.972046728503328,0.2877999562698945,0.5314296093253873
ID210073,210073,39,1.3864021301269531,1103.0654882130243,569.0289282,0,321,321,15,1,,12.152202937249665,10,0,46,9102,7.889667722508709,0.31002288470841494,0.7290228934972453
ID210125,210125,39,1.257162094116211,1106.4626797413532,568.4843710373832,0,322,322,15,1,,11.012016021361816,9,0,44,8248,7.461925804082024,0.30297163931318544,0.6862982914747343
ID210178,210178,39,1.3659963607788086,1109.4196266367703,569.6412906334322,0,323,323,15,1,,11.990654205607477,10,0,45,8981,7.443991815124152,0.31144951272490734,0.7650733372089215
ID210229,210229,39,1.4926557540893555,1114.1430671879261,569.1236932911477,0,324,324,15,1,,12.25233644859813,10,0,54,9177,8.074793123,0.36924942657161386,0.8183795472160171
ID210282,210282,39,1.5276145935058594,1117.9862605074768,566.8076681094105,0,325,325,15,1,,13.098798397863819,11,0,45,9811,7.631615996978944,0.35571673106585994,0.9007002449526922
ID210335,210335,39,1.543473243713379,1119.9807532737907,566.8801507302162,0,326,326,15,1,,13.049399198931908,10,0,45,9774,8.289156971710515,0.37140053836725284,0.8526844872995261
ID210389,210389,39,1.2261791229248047,1122.693126403568,565.6297184007692,0,327,327,15,1,,11.566088117489986,9,0,41,8663,7.549478382500355,0.2839409129564578,0.6776141758208685
ID210442,210442,39,1.1889781951904297,1124.305372061624,563.6494457671954,0,328,328,15,1,,10.947930574098798,9,0,56,8200,7.684710260072902,0.2865660397058242,0.634639605
ID210545,210545,39,1.312394142150879,1133.7620662881382,565.0121552440007,0,330,330,15,1,,11.977303070761014,10,0,43,8971,7.204296674749824,0.3300367141269176,0.825080021
ID210494,210494,39,1.6409835815429688,1133.4120192327714,565.0500152658186,0,331,331,15,1,,13.257676902536716,10,0,52,9930,9.212818636,0.35345541423520244,0.7516152610928126
ID210647,210647,39,1.9056529998779297,1132.7510344962047,564.6127434,0,332,332,15,1,,13.524699599465954,10,0,51,10130,10.32524507726707,0.3899564823124046,0.7349743712393796
ID210699,210699,39,1.4368515014648438,1133.2026732210713,566.7927826161315,0,333,333,15,1,,13.061415220293725,11,0,42,9783,8.281089121118493,0.35052107218795725,0.8187391156846208
ID210753,210753,39,2.0506486892700195,1131.8932628353784,570.3017996226044,0,334,334,15,1,,14.934579439252337,11,0,64,11186,11.574554564171725,0.40916203840283216,0.7492954661322448
ID210804,210804,39,1.9923429489135742,1132.6649246051688,571.4914530744215,0,335,335,15,1,,15.30841121495327,11,0,68,11466,11.610878923267743,0.42239919541055615,0.7830628188163714
ID210856,210856,39,1.7484931945800781,1132.2981451204032,573.2723217,0,336,336,15,1,,13.986648865153539,10,0,61,10476,10.328939310708224,0.39899468350819806,0.77239417
ID210908,210908,39,1.8904094696044922,1133.6303059396353,575.5413286795522,0,337,337,15,1,,16.232309746328436,13,0,68,12158,10.567302643814122,0.4105272639042742,0.8941424033334684
ID211012,211012,39,2.1080503463745117,1128.8937571245128,577.3081319308873,0,338,338,15,1,,15.584779706275034,12,0,68,11673,11.365457241146805,0.41252220077697904,0.8009322749903143
ID210960,210960,39,1.9791231155395508,1128.1278306124766,581.9911986319893,0,339,339,15,1,,15.216288384512684,11,0,64,11397,11.140147638790495,0.4215143469998195,0.81004453
ID211063,211063,39,1.9030628204345703,1129.542086,581.2652010133457,0,340,340,15,1,,14.42056074766355,11,0,46,10801,10.104965381117882,0.43011997992961887,0.8584093843120434
ID211116,211116,39,2.104079246520996,1131.495628956181,582.6055901,0,341,341,15,1,,16.14819759679573,12,0,51,12095,11.904171182114938,0.44496907318720297,0.8354609633815353
ID211169,211169,39,1.584303855895996,1133.8356431231657,580.7747043,0,342,342,15,1,,15.005340453938585,12,0,50,11239,10.769707631011412,0.40386668870386894,0.8016487139595269
ID211222,211222,39,1.586836814880371,1131.9698342905256,584.7888342492779,0,343,343,15,1,,14.688918558077436,12,0,50,11002,9.141674423325037,0.3702169052500535,0.8682823905280503
ID211275,211275,39,2.0003862380981445,1127.2431683708317,594.2029378601421,0,344,344,15,1,,15.660881174899867,12,0,65,11730,11.41873541482723,0.39112453276091264,0.7712181253380636
ID211381,211381,39,1.8524494171142578,1127.8816262251275,597.9806920042912,0,345,345,15,1,,14.687583444592791,12,0,61,11001,9.744935235051104,0.3788014644275068,0.8281543717491666
ID211327,211327,39,1.306199073791504,1128.6017098412676,601.7797778166854,0,346,346,15,1,,14.162883845126835,12,0,47,10608,8.371083422211473,0.2856132628556781,0.751740668
ID211433,211433,39,1.3985319137573242,1127.3740993411786,605.4787313,0,347,347,15,1,,14.012016021361816,11,0,51,10495,8.533583534223588,0.3057502153959086,0.7689637061669484
ID211484,211484,39,1.922037124633789,1128.7412202634973,603.0635384917108,0,348,348,15,1,,16.437917222963954,13,0,52,12312,9.849018189271659,0.35483046624892095,0.8742180981669412
ID211536,211536,39,1.6967096328735352,1134.115303057969,612.8193007585185,0,349,349,15,1,,16.45660881,14,0,57,12326,9.291897438262206,0.32252722226901515,0.8638288213015572
ID211588,211588,39,1.4892444610595703,1132.1625777510328,614.4929934519238,0,350,350,15,1,,13.951935914552736,12,0,53,10450,8.629810112865915,0.2801206643185909,0.7075505421075674
ID211641,211641,39,1.3144607543945312,1132.6295276383994,619.4696696848857,0,351,351,15,1,,15.202937249666222,14,0,49,11387,7.694983567863769,0.26054991121293347,0.8167340938492916
ID211692,211692,39,1.3978261947631836,1131.8808238714887,625.4306116844239,0,352,352,15,1,,15.181575433911883,14,0,44,11371,7.459274969873893,0.2544055024917923,0.8255412349250917
ID211742,211742,39,1.3138856887817383,1130.4543795689053,629.3920487,0,353,353,15,1,,14.355140186915888,13,0,48,10752,7.271430865512354,0.25926529069922355,0.8129141825249933
ID211794,211794,39,1.510742188,1131.0246056052129,635.5066475129262,0,354,354,15,1,,14.69826435246996,13,0,56,11009,8.884870254730405,0.2712966585014139,0.706061447
ID211845,211845,39,1.4294233322143555,1130.9614114198123,636.6141947312016,0,355,355,15,1,,15.534045393858477,14,0,48,11635,8.083155874,0.27666195169078656,0.8329273692853328
ID211896,211896,39,1.5160493850708008,1129.5467471206425,638.6718615522341,0,356,356,15,1,,15.779706275033378,14,0,54,11819,8.361057836715654,0.30628295687022605,0.8850203430646392
ID211998,211998,39,1.3547439575195312,1127.8720136680254,639.1215878,0,357,357,15,1,,15.448598130841122,14,0,67,11571,8.535649606714536,0.2752605725978183,0.7813175310112874
ID212049,212049,39,1.5141658782958984,1127.0446178745858,640.0847251594113,0,358,358,15,1,,16.489986648865152,16,0,78,12351,10.346353235183944,0.29321770323570706,0.7227390899591185
ID211948,211948,39,1.3143301010131836,1126.051804306123,638.0500305158364,0,359,359,15,1,,14.184245660881174,13,0,72,10624,10.097557158040312,0.2759178663902819,0.6075430037502572
ID212100,212100,39,1.5763216018676758,1125.811814170497,635.9225973757254,0,360,360,15,1,,16.092122830440587,14,0,88,12053,11.742709851592567,0.2780823453253988,0.5963340203748141
ID212152,212152,39,1.6962575912475586,1127.1073018815355,634.1256607413611,0,361,361,15,1,,15.783711615487316,13,0,95,11822,13.095849920336386,0.3218644080115095,0.586937002
ID212257,212257,39,1.6416082382202148,1126.9870389423684,631.6531225,0,362,362,15,1,,15.946595460614152,13,0,98,11944,13.431638353088625,0.29144784412036573,0.5358619970487938
ID212205,212205,39,1.860799789428711,1128.533493047143,628.8587688591883,0,363,363,15,1,,16.369826435246996,14,0,97,12261,13.481347684769577,0.32816550432530717,0.6000417820935914
ID212308,212308,39,1.6800575256347656,1127.3846756366136,622.8300578559447,0,364,364,15,1,,16.244325767690253,14,0,87,12167,12.646060470907155,0.30268395019730737,0.5969346137164403
ID212416,212416,39,1.7430992126464844,1130.453568436832,620.2133121453846,0,365,365,15,1,,15.890520694259012,13,0,83,11902,12.237676475975904,0.32202807237074227,0.6325898384685608
ID212361,212361,39,1.6327333450317383,1132.6108141537293,616.8770611535597,0,366,366,15,1,,14.822429906542055,12,0,85,11102,12.698445269775304,0.2914503962867284,0.5268485265037259
ID212471,212471,39,1.6210384368896484,1132.738886538299,614.9311937041036,0,367,367,15,1,,15.271028037383177,13,0,93,11438,13.008634591751994,0.29584556554639774,0.5360167640977807
ID212526,212526,39,1.5386409759521484,1134.5114404393466,612.1270480757164,0,368,368,15,1,,15.275033377837117,13,0,87,11441,12.84644727,0.28814114291397885,0.5319501648520443
ID212576,212576,39,1.8473262786865234,1139.1340280709383,608.4781848293077,0,369,369,15,1,,16.49933244325768,13,0,81,12358,12.841029748751373,0.3280955148614746,0.6348447029162623
ID212682,212682,39,1.8004732131958008,1139.620631,607.7636042046465,0,370,370,15,1,,16.38985313751669,13,0,85,12276,13.248658638785503,0.3012824887880433,0.572842791
ID212629,212629,39,1.834507942199707,1139.948842140415,606.8852529622518,0,371,371,15,1,,16.52603471,14,0,78,12378,12.664782443283087,0.2976567164371137,0.5986276742105487
ID212734,212734,39,1.786555290222168,1141.6986099143073,606.5845190676537,0,372,372,15,1,,15.447263017356475,13,0,65,11570,10.853741246672195,0.29672774924788237,0.6513455207711676
ID212785,212785,39,1.4548892974853516,1141.573400257185,607.1557887653404,0,373,373,15,1,,14.594125500667557,13,0,63,10931,9.924219156786545,0.24893624734133252,0.5862186004150788
ID212888,212888,39,1.663381576538086,1141.3662938823027,609.873134,0,374,374,15,1,,15.149532710280374,13,0,77,11347,10.533195066586412,0.2865107211631771,0.6406142187442642
ID213143,213143,39,1.38671875,1138.2407339721165,630.0337611978533,0,380,380,15,1,,14.16822429906542,12,0,47,10612,7.902379298707361,0.25195947122805545,0.721652244
ID213246,213246,39,1.2059850692749023,1136.6879960388803,632.1882119396013,0,381,381,15,1,,13.861148197596796,13,0,44,10382,6.994225981164893,0.22836668491257617,0.7368757435351964
ID213299,213299,39,1.2192249298095703,1134.6809454778002,637.2275144217145,0,382,382,15,1,,14.230974632843791,14,0,62,10659,6.708905545691742,0.2395302409899919,0.8198156173873513
ID213353,213353,39,1.4195785522460938,1134.4094782000755,642.2058023784253,0,384,384,15,1,,14.554072096128172,13,0,50,10901,8.407809274215651,0.2508637365828745,0.6943198007199234
ID213459,213459,39,1.2788047790527344,1134.2606236805768,643.7673279730137,0,385,385,15,1,,14.610146862483312,13,0,51,10943,7.712598458263115,0.2638703545135188,0.7909917054480907
ID213512,213512,39,1.3856678009033203,1127.431907,644.3319737005334,0,387,387,15,1,,16.012016021361816,15,0,59,11993,8.361236943759565,0.24188841822296134,0.745998542
ID213618,213618,39,1.5748634338378906,1128.7292635186334,644.5786270238285,0,388,388,15,1,,16.98264352,16,0,76,12720,10.463507656024063,0.2880760675567912,0.725978337
ID213565,213565,39,1.2324066162109375,1126.4244100706064,641.0794143717262,0,389,389,15,1,,15.10146862483311,14,0,70,11311,9.320373892608153,0.25006910514755426,0.6482490123147757
ID213724,213724,39,1.4685134887695312,1126.8152081727817,638.4171834451498,0,390,390,15,1,,15.12283044058745,13,0,85,11327,11.42779586,0.2808994227640943,0.5804120517007705
ID213670,213670,39,1.5775957107543945,1126.3037750565654,634.9163648754687,0,391,391,15,1,,16.475300400534046,15,0,94,12340,12.609562253987212,0.2953978852443431,0.5958919598334559
ID213776,213776,39,1.5879287719726562,1127.796380607772,632.1690341177411,0,392,392,15,1,,15.60347129506008,13,0,97,11687,12.822900583637512,0.3000766123618014,0.5617306866433049
ID213828,213828,39,1.7469291687011719,1126.983182353716,628.8652008523455,0,393,393,15,1,,15.925233644859814,14,0,94,11928,13.300607776517163,0.2991389842714011,0.5513936003318933
ID213881,213881,39,1.8267230987548828,1129.226655584505,622.3267095285729,0,394,394,15,1,,16.076101468624834,14,0,95,12041,13.311501511162026,0.3113999673117833,0.5735444514549527
ID213933,213933,39,1.6506118774414062,1132.0048429444837,619.7032577,0,395,395,15,1,,15.029372496662216,12,0,94,11257,13.508828258434315,0.2803431977793267,0.4872106668337911
ID214036,214036,39,1.8234062194824219,1133.1404941381181,617.9499608830754,0,396,396,15,1,,16.110814419225633,13,0,94,12067,13.87664343994484,0.31266516385161414,0.5530808196904317
ID213985,213985,39,1.8929414749145508,1133.7076009270238,614.8044914133005,0,397,397,15,1,,16.471295060080106,13,0,99,12337,14.418247909708644,0.32343409532110456,0.5583785606297186
ID214088,214088,39,1.9434576034545898,1135.9147772090485,611.7419059242881,0,398,398,15,1,,15.947930574098798,13,0,94,11945,14.391070152129636,0.34552151874403786,0.5691486289929586
ID214141,214141,39,2.0400753021240234,1136.432143113163,608.4609338467299,0,399,399,15,1,,17.19225634178905,13,0,90,12877,14.26788750139217,0.33473270433880714,0.6043757656385186
ID214193,214193,39,1.8479070663452148,1137.5250071207015,607.7176851294083,0,400,400,15,1,,17.186915887850468,14,0,87,12873,13.714615714343346,0.3107908921124621,0.5942636582597467
ID214246,214246,39,1.763814926147461,1138.6260732919504,606.8335875402734,0,401,401,15,1,,16.38985313751669,14,0,73,12276,11.455923606309087,0.3028340785044944,0.6651055693026737
ID214299,214299,39,1.5774974822998047,1139.1928271263525,606.8203449419924,0,402,402,15,1,,14.755674232309746,12,0,60,11052,10.309014822489637,0.2712816173422672,0.6108723794236506
ID214353,214353,39,1.4917221069335938,1141.732472645932,606.0588839746118,0,403,403,15,1,,14.057409879839787,11,0,59,10529,10.227265865278968,0.2611063685223739,0.5691693479132383
ID214618,214618,39,1.476527214050293,1142.3255549335734,622.2473677,0,408,408,15,1,,13.97863818424566,12,0,58,10470,8.614722677258973,0.2696047667557349,0.689148128
ID214670,214670,39,1.265458106994629,1142.4662548118918,629.6284489583833,0,409,409,15,1,,14,12,0,49,10486,7.579524909977047,0.26035805626598457,0.7631205092389391
ID214723,214723,39,1.2802238464355469,1143.6239917366777,631.3015968444295,0,410,410,15,1,,13.395193591455273,12,0,63,10033,8.680377919467084,0.25028254784819115,0.6178211264460467
ID214776,214776,39,1.3345108032226562,1141.463653956575,634.9281224621312,0,411,411,15,1,,14.069425901201603,13,0,41,10538,7.238894301808121,0.25750684985302263,0.7959990757828325
ID214828,214828,39,1.2005929946899414,1143.611454241719,632.4325921,0,412,412,15,1,,14.271028037383177,13,0,51,10689,7.062742240264852,0.24711414134776977,0.8007617012675445
ID216807,216807,39,1.5127172470092773,1149.6585172578768,641.2391836594493,0,449,449,15,1,,14.967957276368491,14,0,79,11211,11.096395267563302,0.27778594606423457,0.5864929212996209
ID216916,216916,39,1.506317138671875,1146.5092859751533,639.3504070127199,0,450,450,15,1,,15.30841121495327,14,0,82,11466,10.991352763604295,0.27939604667473655,0.6083089708320869
ID216861,216861,39,1.3877105712890625,1143.653599891406,639.2618048090272,0,451,451,15,1,,14.200267022696929,12,0,85,10636,11.150763141829415,0.2604485464888439,0.526282261
ID217025,217025,39,1.9777097702026367,1144.9320042322072,638.7643831573199,0,452,452,15,1,,15.929238985313752,12,0,101,11931,14.020670839290062,0.3332106526112416,0.5679058366581515
ID216969,216969,39,2.2243432998657227,1145.6797421906383,637.8348627,0,453,453,15,1,,17.47396529,14,0,108,13088,15.82468889131203,0.3640945329601421,0.5894622169325261
ID217078,217078,39,1.8586006164550781,1145.3063070282642,634.4567768378469,0,454,454,15,1,,15.950600801068092,13,0,113,11947,14.505907529285478,0.3136342014500835,0.525062625
ID217131,217131,39,1.4259672164916992,1140.096431960868,632.0835606703387,0,455,455,15,1,,14.35113484646195,13,0,85,10749,11.254508991550153,0.24471466827689303,0.501394866
ID217186,217186,39,1.5722885131835938,1140.1387457877593,629.6031668871597,0,456,456,15,1,,14.863818424566087,12,0,86,11133,11.43314147130241,0.2801747668587431,0.5690554226210998
ID217238,217238,39,1.3460979461669922,1137.5839191639907,625.9669913,0,457,457,15,1,,14.500667556742323,13,0,90,10861,11.446296932087485,0.24412289107080365,0.49716232162295515
ID217291,217291,39,1.3069267272949219,1133.8320682774352,624.3560512127485,0,458,458,15,1,,13.465954606141523,12,0,85,10086,10.56026642950393,0.25100449726678925,0.5116993889256101
ID217344,217344,39,1.563246726989746,1131.291475887889,617.7885579805651,0,459,459,15,1,,14.397863818424566,12,0,86,10784,11.922064016095943,0.27137791760581736,0.515556717
ID217398,217398,39,1.5998706817626953,1129.6275283208258,614.2485674183877,0,460,460,15,1,,15.507343124165555,13,0,81,11615,11.911618020546264,0.2894663147047175,0.5845002007415163
ID217451,217451,39,1.8040390014648438,1129.0814151942377,611.9446545248636,0,461,461,15,1,,15.651535380507344,12,0,90,11723,13.572249267515017,0.29730739023715647,0.5285644233598389
ID217505,217505,39,1.5996074676513672,1127.2430663049736,610.078347,0,462,462,15,1,,15.42456608811749,13,0,93,11553,13.444030740273764,0.25227016647616507,0.4622546770516341
ID217557,217557,39,2.175260543823242,1126.9270780161921,608.3828609796153,0,463,463,15,1,,16.384512683578105,13,0,92,12272,14.092952516222592,0.35648879699946995,0.6110703488809521
ID217612,217612,39,1.7647218704223633,1128.9436876377717,604.5843636621353,0,464,464,15,1,,15.152202937249665,12,0,83,11349,12.971309809035086,0.3062027287027949,0.5476718406740686
ID217667,217667,39,1.949885368347168,1128.0382246466313,602.8660431349272,0,465,465,15,1,,15.212283044058745,11,0,80,11394,13.468881097405072,0.3486060361186876,0.58390565
ID217723,217723,39,1.4712772369384766,1128.7644469065388,601.0747287341422,0,466,466,15,1,,14.461949265687583,13,0,67,10832,9.905446400228358,0.3054365727337826,0.6832002857525041
ID217779,217779,39,1.3699121475219727,1129.5815814029577,599.4795982176831,0,467,467,15,1,,13.84913217623498,12,0,57,10373,8.409311106345648,0.2797124008918385,0.7199320015246605
ID220159,220159,39,1.2391958236694336,1158.874827513103,612.2662389,0,510,510,15,1,,13.84913217623498,13,0,63,10373,7.583223808960422,0.2724970461363681,0.7821745807500885
ID220216,220216,39,1.2327508926391602,1156.9386026828838,614.5096852769933,0,511,511,15,1,,13.291054739652871,13,0,55,9955,8.008897964970572,0.2867786330352168,0.7397068340421112